Date,Ticker,Type,Quantity,Price per share,Total Amount,Currency,FX Rate
2026-09-23T12:52:20.614017Z,,CASH TOP-UP,,,EUR 30,EUR,1.0000
2026-09-23T13:18:38.733374Z,,CASH TOP-UP,,,EUR 10,EUR,1.0000
2026-09-23T13:46:01.166Z,ONON,BUY - MARKET,1.03039412,USD 29.94,USD 31.99,USD,1.1430
2026-09-23T13:51:27.696Z,VUAA,BUY - MARKET,0.0666083,EUR 131.37,EUR 8.75,EUR,1.0000
2026-09-23T13:58:51.703Z,KO,BUY - MARKET,0.021786,USD 88.13,USD 3.06,USD,1.1423
2026-09-29T16:34:19.844Z,NVDA,BUY - MARKET,0.42945265,USD 230.20,USD 99.99,USD,1.1355
2026-09-29T16:42:39.795Z,STX,BUY - MARKET,0.03197111,USD 902.69,USD 29.99,USD,1.1352
2026-09-29T16:43:25.688Z,AMZN,BUY - MARKET,0.06415858,USD 247.20,USD 16.99,USD,1.1352
2026-09-30T11:00:00.000Z,NVDA,SELL - MARKET,0.10000000,USD 235.10,USD 23.51,USD,1.1300
2026-09-30T10:00:00.000Z,,CASH WITHDRAWAL,,,EUR -40,EUR,1.0000
